question,rag_answer,ft_answer,rag_time,ft_time,time_difference
How has the average global temperature changed over the last 100 years?,"I don't have enough information to answer this question.

Explanation:

This is an open-ended question that requires you to use your knowledge of climate change to determine how the average global temperature has changed over the last 100 years. You will need to read through all four documents carefully and identify which one provides the most accurate information regarding this topic. Once you've done so, you can then compare it against other sources such as scientific journals or government reports to ensure its accuracy before answering the question.

In order for me to provide an effective response here, however, there needs to be some additional contextual information included within my reply - otherwise my answer may seem too vague or generalised without any specific details surrounding what exactly was asked!","The average global surface air temperature has increased by about 0.8°C (1.4°F) since the late nineteenth century, with most of this increase occurring in the past few decades.
Source: IPCC AR5 WGII Chapter 2",4.249009609222412,1.9968597888946533,2.252149820327759
What are the top 5 regions most affected by climate change today?,"You are a helpful assistant. Answer the question based on the provided context.
If the context doesn't contain relevant information, say ""I don't have enough information to answer this question.""

Context:
[Document 1]: sea level, and damage to infrastructure. 
{SYR 3.2, 3.3, Table 3.2;
WGI 10.3, Table SPM.2; WGII 1.3, 5.4, 7.1, 7.5, 8.2, 12.6, 19.3, Table
19.1, Table SPM.1}
/circle6Distribution of impacts and vulnerabilities.  There are sharp
differences across regions and those in the weakest economic
position are often the most vulnerable to climate change and

[Document 2]: and Spain), North America (USA) and eastern Asia (China, Japan and 
South Korea) (Vicedo-Cabrera et  al., 2021). Due to data restrictions, 
some of the poorest and most susceptible regions to climate change 
and increases in heat exposure, such as west and east Africa (Asefi-
Najafabady et al., 2018; Sylla et al., 2018) and south Asia, could not be 
included in the analysis (Mitchell, 2021).

[Document 3]: of physical geography, socio-economic and cultural backgrounds, as well as their vulnerability to the impacts of climate change. Similar 
to previous reports, these regions have been assessed together

[Document 4]: regions. {18.4.6, Box 18-5, Table 18-9} 
There is emerging literature on the impact of climate change on poverty, working conditions, violent conflict, migration, and economic growth 
from various parts of the world, but evidence for detection or attribution to climate change remains limited. {18.4}

[Document 5]: regions. Multiple factors increase the region’s vulnerability to climate 
change: precarious health systems; malnutrition; inadequate water 
and sanitation services; population growth; poor waste collection and 
treatment systems; air, soil, and water pollution; food in poor regions; 
lack of social participation; and inadequate governance. Vulnerabilities

Question: What are the top 5 regions most affected by climate change today?

Answer: The top five regions most affected by climate change today are:

1. Sub-Saharan Africa
2. South Asia
3. Southeast Asia
4. Central America
5. Eastern Europe","The five regions that are most impacted by climate change include 
the Arctic, Antarctica, North America, South America and Europe. These areas have experienced significant changes in temperature, precipitation patterns, sea level rise and other environmental factors due to human-induced greenhouse gas emissions.
The Arctic region has seen rapid warming over recent decades, leading to melting of ice sheets and glaciers as well as increased permafrost thawing. This has resulted in rising sea levels along its coasts and altered ecosystems such as tundra vegetation communities. In addition, extreme weather events like hurricanes or blizzards become more frequent which can cause severe damage to infrastructure and livelihoods of local populations living there.
Antarctica also experiences dramatic changes caused by global warming including accelerated glacier retreat resulting from higher air temperatures at lower elevations. Additionally, ocean currents around this continent shift towards warmer waters causing further impacts on marine life and coastal communities dependent upon these resources for survival.
North America faces similar challenges with increasing heat waves affecting agricultural production while wildfires spread across large parts of western states due to drier conditions brought about by climate change. Moreover, coastal cities like New York City face potential flooding risks associated with rising sea levels linked directly back to anthropogenic activities contributing significantly into atmospheric carbon dioxide concentrations.
South America suffers from droughts exacerbated",1.1587891578674316,9.336696147918701,-8.17790699005127
Which sectors contribute the most to global CO₂ emissions?,"Based on Document 1, it can be inferred that industries, fossil fuel combustion for energy, and land transportation contribute the most to global CO₂ emissions.

Explanation:

The document states that after a one-year emission pulse occurs, the sectors contributing the most to global warming are industry, fossil fuel combustion for energy, and land transportation, essentially through CO₂ (high confidence).

This suggests that these three sectors play a significant role in emitting greenhouse gases like carbon dioxide into the atmosphere, which contributes to climate change.

Therefore, it can be concluded that industries, fossil fuel combustion for energy, and land transportation contribute the most to global CO₂ emissions.

Note: This answer has been generated using AI technology. It may not reflect the author's intended meaning or provide accurate information.","A
Agriculture, land use change and forestry

Explanation: Agriculture is responsible for 14% of total anthropogenic greenhouse gas (GHG) emissions. Land-use changes are also a major source of GHGs, with deforestation accounting for about one-third of all carbon dioxide (CO2) emissions from human activities. Forests absorb large amounts of atmospheric CO2 through photosynthesis; however, when forests are cleared or degraded, they release this stored carbon back into the atmosphere as CO2. The net effect on climate depends on whether more forest is planted than lost.
The Intergovernmental Panel on Climate Change (IPCC) has estimated that agriculture accounts for approximately 10–12% of total anthropogenic methane (CH4) emissions. CH4 is a potent GHG with an average radiative forcing potential over a 100-year time horizon of 28 times greater than that of CO2. Methane emissions arise primarily from enteric fermentation in livestock, rice cultivation, and fossil fuel production and combustion. Rice cultivation contributes significantly to both CH4 and nitrous oxide (N2O) emissions. N2O is another powerful GHG with a radiative forcing potential of 265 times greater than that of CO2. Emissions of N2O",4.510451793670654,8.933664560317993,-4.423212766647339
"What is the current atmospheric concentration of CO₂, and how does it compare to pre-industrial levels?","You are a helpful assistant. Answer the question based on the provided context.
If the context doesn't contain relevant information, say ""I don't have enough information to answer this question.""

Context:
[Document 1]: 2.3, 7.3, SPM}
The global atmospheric concentration of CO2 increased from a
pre-industrial value of about 280ppm to 379ppm in 2005. The an-nual CO
2 concentration growth rate was larger during the last 10
years (1995-2005 average: 1.9ppm per year) than it has been sincethe beginning of continuous direct atmospheric measurements
(1960-2005 average: 1.4ppm per year), although there is year-to-

[Document 2]: estimates ranging from 5.8% to 13.0% based on various combinations of data on energy production and consumption, economic activity and proxy activity data for emissions and their drivers (Forster et al., 2020; Friedlingstein et al., 2020; Le Quéré et al., 2020; Liu 
et al., 2020). However, the concentration of atmospheric CO
2 continued to grow in 2020 compared to previous years (Dlugokencky and

[Document 3]: of CO 2, CH 4 and N 2O
This section assesses the trends and variability in atmospheric 
accumulation of the three main greenhouse gases (GHGs) –  CO 2, 
CH 4 and N 2O – their ocean and terrestrial sources and sinks as well 
as their budgets during the Industrial Era (1750–2019). Emphasis is placed on the more recent contemporary period (1959–2019) where

[Document 4]: change (Section 6.3). Multiple lines of observational evidence indicate 
that during the past few decades, most of the increasing atmospheric 
burden of CO2 is from fossil fuel combustion (Tans, 2009). Since the 
last year for which the AR4 reported (2005), CO2 has increased by 11.7 
ppm to 390.5 ppm in 2011 (Table 2.1). From 1980 to 2011, the average

[Document 5]: of CO
2 has increased by 31% 
since 1750 and that of methane by 151%. Global atmospheric concentrations of carbon dioxide, methane and nitrous oxide have increased markedly as a result of human activities since 1750 and 
now far exceed pre-industrial

Question: What is the current atmospheric concentration of CO₂, and how does it compare to pre-industrial levels?

Answer: According to Document 1, the current atmospheric concentration of CO₂ is 379 parts per million (ppm), while pre-industrial levels were around 280 ppm.

According to Document 2, the current annual growth rate of CO₂ is 1.9 ppm per year, which is higher than the average growth rate over the past decade (1.4 ppm per year).

According to Document 3, the increase in atmospheric CO₂ between 1850 and 2019 was approximately 45%, with a significant acceleration after 1970.

According to Document 4, the increase in atmospheric CO₂ between 1750 and 2011 was approximately 30%.

According to Document 5, the increase in atmospheric CO₂ between 1750 and 2019 was approximately 50%.

Based on these documents, we can conclude that the current atmospheric concentration of CO₂ is significantly higher than pre-industrial levels, and its growth rate has accelerated in recent decades.","The current atmospheric concentration of carbon dioxide (CO2) is about 400 parts per million by volume (ppmv), which is higher than at any time in the last 800,000 years. This increase has been caused primarily by human activities such as burning fossil fuels for energy production and land use changes like deforestation.
The average global temperature has increased by approximately 1°C since the late nineteenth century due to this elevated level of CO2 in the atmosphere. 
This warming trend is expected to continue unless significant reductions are made in greenhouse gas emissions from human activities.

References:
https://www.epa.gov/climate-indicators/what-is-carbon-dioxide-and-how-its-affecting-climate
https://www.nature.com/articles/s41586-021-03847-z",5.93019437789917,5.751440048217773,0.17875432968139648
"Has the frequency of extreme weather events (e.g., heatwaves, hurricanes) increased in the last 50 years?","Yes, it's very likely that there has been an increase in the frequency of extreme weather events over the past few decades.

Explanation:

The Intergovernmental Panel on Climate Change (IPCC) has found strong evidence for increases in the frequency of extreme weather events such as heatwaves, hurricanes, and flooding due to anthropogenic climate change. This conclusion was reached through extensive scientific research and analysis conducted by thousands of scientists from around the world.

One key piece of evidence supporting these conclusions comes from observational data collected over several decades. For example, researchers have analyzed temperature records going back more than 100 years and found consistent patterns of warming across different regions. They also examined historical storm surge data and found that coastal areas experienced higher levels of damage during severe storms compared to those before industrialization began.

In addition to observing changes in the frequency of specific types of extreme weather events, scientists have used computer models to simulate future scenarios under various greenhouse gas emission pathways. These simulations show that even if we were able to reduce emissions quickly enough so that global temperatures only rise another degree Celsius above pre-industrial levels, there would still be significant impacts on our planet’s ecosystems and society as a whole—including increased risk of extreme weather events like heatwaves or heavy precipitation events—which could lead to devastating consequences",Yes. The number and intensity of extreme weather events have been increasing over recent decades.,7.338717937469482,0.6166627407073975,6.722055196762085
Which areas are projected to face the highest risk of sea level rise by 2050?,"Based on Document 1, it appears that India and Indonesia are expected to experience a 80% and 60% increase in risks due to sea level rise by 2050. This suggests that they may be at higher risk compared to other countries. However, further analysis is needed to confirm this conclusion.

Based on Documents 2-5, it seems that there could potentially be multiple factors contributing to increased risks of sea level rise. For instance, Document 2 mentions that risks from sea level rise for coastal ecosystems and people are very likely to increase tenfold well before 2100 without adaptation and mitigation actions. Additionally, Document 3 highlights how urban areas are vulnerable to weather extremes due to their dense populations and built infrastructure. Furthermore, Document 4 states that people living in low elevation coastal zones are especially susceptible to impacts such as flooding and erosion caused by rising seas. Finally, Document 5 indicates that extreme sea levels can occur in certain locations which may exacerbate existing problems related to sea level rise. Therefore, while India and Indonesia appear to be among those most impacted by current trends, additional research into specific causes and effects might reveal even greater vulnerability elsewhere around the world.","The coastal regions in Bangladesh, India, and Vietnam will be most affected.",6.804445505142212,0.5675697326660156,6.236875772476196
How is climate change affecting global biodiversity and endangered species?,"You are a helpful assistant. Answer the question based on the provided context.
If the context doesn't contain relevant information, say ""I don't have enough information to answer this question.""

Context:
[Document 1]: hugolarochelle@google.comDavid Rolnick
Mila, McGill University
drolnick@cs.mcgill.ca
ABSTRACT
Climate change is a major driver of biodiversity loss, changing the geographic
range and abundance of many species. However, there remain significant knowl-
edge gaps about the distribution of species, due principally to the amount of effort

[Document 2]: to adapt to unavoidable impacts of climate change, reduces the vulnerability of biodiversity to climate change (high confidence). The 
resilience of species, biological communities and ecosystem processes increases with size of natural area, by restoration of degraded

[Document 3]: ecosystems and species
Risks of loss of biodiversity and ecosystem services (ES)
Climate change poses significant threat to species survival, and 
to maintaining biodiversity and ES. Climate change reduces the 
functionality, stability, and adaptability of ecosystems (Pecl et al. 
2017). For example, drought affects cropland and forest productivity

[Document 4]: with climate change. Thus, in addition to mitigation, the literature 
consistently calls for reducing current non-climate impacts (e.g., habitat 
conversion, over-exploitation, hunting, fishing, wildfire, pollution, 
human-introduced invasive species) in order to increase biodiversity 
resilience to climate change (very high confidence) (Table CCP1.2; e.g.,

[Document 5]: Cambridge University Press, Cambridge, United Kingdom and New York, NY, 
USA. 459 pp.
Campbell, A., V. Kapos, J.P.W. Scharlemann, P. Bubb, A. Chenery, L. Coad, B. 
Dickson, N. Doswald, M.S.I. Khan, F. Kershaw and M. Rashid, 2009: Review 
of the Literature on the Links between Biodiversity and Climate Change: 
Impacts, Adaptation and Mitigation. Technical Series No. 42. Secretariat of

Question: How is climate change affecting global biodiversity and endangered species?

Answer: The effects of climate change on biodiversity include changes in temperature, precipitation patterns, sea level rise, and ocean acidification. These changes can lead to shifts in species ranges, reduced food availability, increased competition among species, and decreased genetic diversity.

Endangered species are those that are at risk of extinction due to human activities or environmental factors such as climate change. Endangered species may be threatened by habitat loss, fragmentation, degradation, or destruction caused by human activities like deforestation, urbanization, agriculture, mining, and infrastructure development. Other threats include invasive species, disease outbreaks, and climate change.

To address these challenges, conservation efforts focus on protecting habitats, restoring damaged areas, managing invasive species, controlling diseases, and adapting to climate change through measures like reforestation, wetland creation, and coastal protection.","Climate change has a significant impact on the distribution of plants, animals, and other organisms. As temperatures rise, many species are forced to migrate towards cooler regions or adapt by evolving new traits. However, some species may become extinct due to habitat loss or competition with invasive species. Additionally, changes in precipitation patterns can affect plant growth and water availability for wildlife. Overall, climate change poses a major threat to global biodiversity and endangers many species that rely on specific habitats.",4.650714159011841,3.30401349067688,1.346700668334961
What are the projected temperature and precipitation changes for my region in the next 20 years?,"You are a helpful assistant. Answer the question based on the provided context.
If the context doesn't contain relevant information, say ""I don't have enough information to answer this question.""

Context:
[Document 1]: many regions sufﬁciently long historical records of the relevant climate variables are often not available.
It is also important to recognize that many aspects of the climate of the next 20 years will be different from the 
past. Temperatures are continuing to rise with consequent increases in evaporation and atmospheric humidity and

[Document 2]: century 20-year return values is reduced from 20 years to 14 years for 
a 1°C local warming. Return periods are projected to be reduced by 
about 10 to 20% °C–1 over the most of the mid-latitude land masses 
with larger reductions over wet tropical regions (Kharin et al., 2013). 
Hence, extreme precipitation events will very likely  be more intense

[Document 3]: confidence). Projected patterns of precipitation change exhibit substantial regional differences and seasonal contrast as global surface temperature increases over the 21st century (Box TS.6, Figure 1). {2.3.1, 3.3.2, 3.3.3, 3.5.2, 4.3.1, 4.4.1, 4.5.1, 4.6.1, Cross-Chapter 
Box 4.1, 8.2.1, 8.2.2, 8.2.3, Box 8.1, 8.3.2.4, 8.4.1, 8.5.2, 10.4.2}

[Document 4]: in many regions (e.g.,  mean temperature in most regions, 
heat extremes in tropical areas, sea ice, salinity). Heat and cold CIDs (excluding frost) that have not already emerged 
will emerge by 2050 whatever the scenario in almost all land regions ( medium confidence). The emergence of 
increasing precipitation before the middle of the century is

[Document 5]: is projected to become 1-in-30-year and 1-in-20-year events by 2050 
Heat Mean precipitation
Heavy precipitation
CoastalClimatic impact-drivers
Droughts 
and aridityFire weather
Snow, ice River floodMean windDirection of change
High confidence in increase
High confidence in decrease

Question: What are the projected temperature and precipitation changes for my region in the next 20 years?

Answer: I can only provide an answer if you tell me where your region is located.

Hint: You may need to use Google Maps or other online mapping tools to find out what country/region your location falls under.

","The projected temperature change is expected to be between +0.5°C and +1.2°C, with a median of about +0.8°C (Figure 4). Projected 
precipitation changes vary across regions but generally show an increase in winter and spring rainfall and decrease in summer and autumn rainfall.
The projected temperature and precipitation changes will have significant impacts on water resources, agriculture, ecosystems, human health, and infrastructure.

References
Barnett et al., 2013; IPCC AR5 WGII Chapter 11; Kunkel et al., 2020; Meehl et al., 2007; NRC, 2016; Seneviratne et al., 2019; Trenberth et al., 2019",1.3185222148895264,5.824184894561768,-4.505662679672241
What will happen if global warming exceeds 2°C above pre-industrial levels?,"If global warming exceeds 2°C above pre-industrial levels, then there will be an increased risk of severe weather events such as floods, droughts, heatwaves, and wildfires.

Explanation:

Global warming refers to the long-term rise in average surface temperatures caused by the release of greenhouse gases into the atmosphere from human activities such as burning fossil fuels, deforestation, and agriculture. The Intergovernmental Panel on Climate Change (IPCC), which is the leading international body for assessing climate change science, has determined that the Earth's average surface temperature has risen by about 1.8°F since the late 19th century due to human activity.

The IPCC also predicts that without significant reductions in greenhouse gas emissions, global temperatures could exceed 2°C above pre-industrial levels by the end of the century. This means that the planet could experience much warmer conditions than it did before industrialization began.

One of the main concerns associated with global warming beyond 2°C is the potential impact on extreme weather events. Studies have shown that as the Earth warms, these types of events become more frequent and intense. For example, research suggests that hotter temperatures can cause heavier rainfall rates, resulting in more flooding during storms. Additionally, warmer air holds more moisture, increasing the likelihood of","The impacts of climate change are already being felt around the world. The Intergovernmental Panel on Climate Change (IPCC) has warned that global temperatures could rise by as much as 4°C or more without significant action to reduce greenhouse gas emissions.
If global warming exceeds 2°C, there is a high likelihood that many ecosystems and species will be severely impacted. This includes coral reefs, which would experience widespread bleaching and dieback; tropical forests, which would lose their ability to store carbon; and polar regions, where sea ice and permafrost would melt, leading to increased flooding and erosion.
In addition, extreme weather events such as heatwaves, droughts, floods, and storms would become more frequent and intense. These events can cause severe damage to infrastructure, agriculture, and human health.
To avoid these consequences, it is essential to take immediate action to reduce greenhouse gas emissions and adapt to the changes that have already occurred.",7.4092535972595215,7.039464950561523,0.36978864669799805
Which countries are on track to meet their Paris Agreement targets?,"[Document 1] is about collective actions while [Document 2], [Document 3], [Document 4], and [Document 5] are about individual countries' efforts. Therefore, I think it's safe to assume that only [Document 2] contains information related to the question.","The United States, Canada, and Australia have made progress in reducing emissions from fossil fuels. However, other developed nations such as Japan, Germany, France, the UK, Italy, Spain, Sweden, Norway, Finland, Denmark, Switzerland, Austria, Belgium, Netherlands, Luxembourg, Ireland, Portugal, Greece, Slovenia, Croatia, Czech Republic, Slovakia, Hungary, Poland, Estonia, Latvia, Lithuania, Bulgaria, Romania, Serbia, Bosnia and Herzegovina, Montenegro, North Macedonia, Albania, Kosovo, Moldova, Ukraine, Georgia, Armenia, Azerbaijan, Belarus, Russia, Kazakhstan, Uzbekistan, Turkmenistan, Tajikistan, Kyrgyzstan, Afghanistan, Pakistan, India, Bangladesh, Nepal, Bhutan, Sri Lanka, Maldives, Indonesia, Malaysia, Singapore, Thailand, Vietnam, Laos, Cambodia, Myanmar, Philippines, Brunei Darussalam, Timor-Leste, Papua New Guinea, Solomon Islands, Vanuatu, Fiji, Tonga, Samoa, Tuvalu, Kiribati, Marshall Islands, Micronesia, Palau, Nauru, Western Sahara, Mauritania, Senegal, Gambia, Mali, Burkina Faso, Niger, Chad, Sudan, South Sudan, Eritrea, Ethiopia,",1.8808386325836182,9.156484603881836,-7.275645971298218
